question,option,men_age_band,pct,sources,blend
Intentions (partner),Any (single men),18-29,73.8,Pew ATP W111 Jul 2022,100% Pew W111: share of unmarried men not in a relationship
Intentions (partner),Casual,18-29,34.4,Pew W111 2022; Pew 2023/2025; AEI 2021; SIA 2026; Pew 2013,Pew W111: casual-only + open-to-either
Intentions (partner),Dating,18-29,43.4,Pew W111 2022; Pew 2023/2025; AEI 2021; SIA 2026; Pew 2013,Pew W111: looking for dates or a relationship (any)
Intentions (partner),Relationship,18-29,33.0,Pew W111 2022; Pew 2023/2025; AEI 2021; SIA 2026; Pew 2013,Pew W111: committed-only + open-to-either
Intentions (partner),Marriage,18-29,24.3,Pew W111 2022; Pew 2023/2025; AEI 2021; SIA 2026; Pew 2013,"Pew W111 committed-or-either x want-to-marry blend 73.6% (Pew ATP 2025, never-married 18-29 73% w0.4; AEI 2021, singles 18-29 76% w0.3; Pew ATP 2023, never-married men 18-34 72% w0.3)"
Intentions (partner),Life Partner,18-29,28.0,Pew W111 2022; Pew 2023/2025; AEI 2021; SIA 2026; Pew 2013,marriage share + committed seekers not set on marriage x 42.9% open to long-term committed w/o marriage (SIA 2026 Q55 30.0 vs 39.9)
Intentions (partner),Any (single men),30-49,56.8,Pew ATP W111 Jul 2022,100% Pew W111: share of unmarried men not in a relationship
Intentions (partner),Casual,30-49,25.0,Pew W111 2022; Pew 2023/2025; AEI 2021; SIA 2026; Pew 2013,Pew W111: casual-only + open-to-either
Intentions (partner),Dating,30-49,35.5,Pew W111 2022; Pew 2023/2025; AEI 2021; SIA 2026; Pew 2013,Pew W111: looking for dates or a relationship (any)
Intentions (partner),Relationship,30-49,29.8,Pew W111 2022; Pew 2023/2025; AEI 2021; SIA 2026; Pew 2013,Pew W111: committed-only + open-to-either
Intentions (partner),Marriage,30-49,15.2,Pew W111 2022; Pew 2023/2025; AEI 2021; SIA 2026; Pew 2013,"Pew W111 committed-or-either x want-to-marry blend 50.9% (Pew ATP 2025, never-married 30-49 49% w0.4; AEI 2021, singles 30-49 56% w0.4; SIA 2026, singles 18+ 45% w0.2)"
Intentions (partner),Life Partner,30-49,21.5,Pew W111 2022; Pew 2023/2025; AEI 2021; SIA 2026; Pew 2013,marriage share + committed seekers not set on marriage x 42.9% open to long-term committed w/o marriage (SIA 2026 Q55 30.0 vs 39.9)
Intentions (partner),Any (single men),50-64,66.7,Pew ATP W111 Jul 2022,100% Pew W111: share of unmarried men not in a relationship
Intentions (partner),Casual,50-64,20.7,Pew W111 2022; Pew 2023/2025; AEI 2021; SIA 2026; Pew 2013,Pew W111: casual-only + open-to-either
Intentions (partner),Dating,50-64,28.9,Pew W111 2022; Pew 2023/2025; AEI 2021; SIA 2026; Pew 2013,Pew W111: looking for dates or a relationship (any)
Intentions (partner),Relationship,50-64,24.9,Pew W111 2022; Pew 2023/2025; AEI 2021; SIA 2026; Pew 2013,Pew W111: committed-only + open-to-either
Intentions (partner),Marriage,50-64,9.5,Pew W111 2022; Pew 2023/2025; AEI 2021; SIA 2026; Pew 2013,"Pew W111 committed-or-either x want-to-marry blend 38.1% (AEI 2021, singles 50+ 39% w0.6; Pew 2013, previously married men want to remarry 29% w0.2; SIA 2026, singles 18+ 45% w0.2)"
Intentions (partner),Life Partner,50-64,16.1,Pew W111 2022; Pew 2023/2025; AEI 2021; SIA 2026; Pew 2013,marriage share + committed seekers not set on marriage x 42.9% open to long-term committed w/o marriage (SIA 2026 Q55 30.0 vs 39.9)
Intentions (partner),Any (single men),65+,78.4,Pew ATP W111 Jul 2022,100% Pew W111: share of unmarried men not in a relationship
Intentions (partner),Casual,65+,17.1,Pew W111 2022; Pew 2023/2025; AEI 2021; SIA 2026; Pew 2013,Pew W111: casual-only + open-to-either
Intentions (partner),Dating,65+,20.0,Pew W111 2022; Pew 2023/2025; AEI 2021; SIA 2026; Pew 2013,Pew W111: looking for dates or a relationship (any)
Intentions (partner),Relationship,65+,16.3,Pew W111 2022; Pew 2023/2025; AEI 2021; SIA 2026; Pew 2013,Pew W111: committed-only + open-to-either
Intentions (partner),Marriage,65+,5.4,Pew W111 2022; Pew 2023/2025; AEI 2021; SIA 2026; Pew 2013,"Pew W111 committed-or-either x want-to-marry blend 33.0% (AEI 2021, singles 50+ 39% w0.4; Pew 2013, previously married men want to remarry 29% w0.6)"
Intentions (partner),Life Partner,65+,10.1,Pew W111 2022; Pew 2023/2025; AEI 2021; SIA 2026; Pew 2013,marriage share + committed seekers not set on marriage x 42.9% open to long-term committed w/o marriage (SIA 2026 Q55 30.0 vs 39.9)
Want kids (partner),Yes,20-24,67.3,NSFG 2022-23; Pew ATP 2023,"NSFG 2022-23 RWANT (unmarried non-cohabiting men 20-24, n=387), Pew ATP 2023 men 18-34 childless 57/15/28 at weight 0.4"
Want kids (partner),No,20-24,17.9,NSFG 2022-23; Pew ATP 2023,"NSFG 2022-23 RWANT (unmarried non-cohabiting men 20-24, n=387), Pew ATP 2023 men 18-34 childless 57/15/28 at weight 0.4"
Want kids (partner),Open to either,20-24,7.4,NSFG 2022-23; Pew ATP 2023,"NSFG 2022-23 RWANT (unmarried non-cohabiting men 20-24, n=387), Pew ATP 2023 men 18-34 childless 57/15/28 at weight 0.4; open/unsure = NSFG don't know + Pew not sure, split 50/50 (assumption)"
Want kids (partner),Unsure,20-24,7.4,NSFG 2022-23; Pew ATP 2023,"NSFG 2022-23 RWANT (unmarried non-cohabiting men 20-24, n=387), Pew ATP 2023 men 18-34 childless 57/15/28 at weight 0.4; open/unsure = NSFG don't know + Pew not sure, split 50/50 (assumption)"
Have kids (partner),No,20-24,97.3,NSFG 2022-23 EVBIOKID,"no biological child, unmarried non-cohabiting men"
Want kids (partner),Yes,25-29,64.5,NSFG 2022-23; Pew ATP 2023,"NSFG 2022-23 RWANT (unmarried non-cohabiting men 25-29, n=421), Pew ATP 2023 men 18-34 childless 57/15/28 at weight 0.4"
Want kids (partner),No,25-29,22.0,NSFG 2022-23; Pew ATP 2023,"NSFG 2022-23 RWANT (unmarried non-cohabiting men 25-29, n=421), Pew ATP 2023 men 18-34 childless 57/15/28 at weight 0.4"
Want kids (partner),Open to either,25-29,6.7,NSFG 2022-23; Pew ATP 2023,"NSFG 2022-23 RWANT (unmarried non-cohabiting men 25-29, n=421), Pew ATP 2023 men 18-34 childless 57/15/28 at weight 0.4; open/unsure = NSFG don't know + Pew not sure, split 50/50 (assumption)"
Want kids (partner),Unsure,25-29,6.7,NSFG 2022-23; Pew ATP 2023,"NSFG 2022-23 RWANT (unmarried non-cohabiting men 25-29, n=421), Pew ATP 2023 men 18-34 childless 57/15/28 at weight 0.4; open/unsure = NSFG don't know + Pew not sure, split 50/50 (assumption)"
Have kids (partner),No,25-29,93.6,NSFG 2022-23 EVBIOKID,"no biological child, unmarried non-cohabiting men"
Want kids (partner),Yes,30-34,59.4,NSFG 2022-23; Pew ATP 2023,"NSFG 2022-23 RWANT (unmarried non-cohabiting men 30-34, n=384), Pew ATP 2023 men 18-34 childless 57/15/28 at weight 0.4"
Want kids (partner),No,30-34,27.1,NSFG 2022-23; Pew ATP 2023,"NSFG 2022-23 RWANT (unmarried non-cohabiting men 30-34, n=384), Pew ATP 2023 men 18-34 childless 57/15/28 at weight 0.4"
Want kids (partner),Open to either,30-34,6.7,NSFG 2022-23; Pew ATP 2023,"NSFG 2022-23 RWANT (unmarried non-cohabiting men 30-34, n=384), Pew ATP 2023 men 18-34 childless 57/15/28 at weight 0.4; open/unsure = NSFG don't know + Pew not sure, split 50/50 (assumption)"
Want kids (partner),Unsure,30-34,6.7,NSFG 2022-23; Pew ATP 2023,"NSFG 2022-23 RWANT (unmarried non-cohabiting men 30-34, n=384), Pew ATP 2023 men 18-34 childless 57/15/28 at weight 0.4; open/unsure = NSFG don't know + Pew not sure, split 50/50 (assumption)"
Have kids (partner),No,30-34,89.0,NSFG 2022-23 EVBIOKID,"no biological child, unmarried non-cohabiting men"
Want kids (partner),Yes,35-39,44.6,NSFG 2022-23; Pew ATP 2023,"NSFG 2022-23 RWANT (unmarried non-cohabiting men 35-39, n=322), Pew ATP 2023 men 18-34 childless 57/15/28 at weight 0.2"
Want kids (partner),No,35-39,45.4,NSFG 2022-23; Pew ATP 2023,"NSFG 2022-23 RWANT (unmarried non-cohabiting men 35-39, n=322), Pew ATP 2023 men 18-34 childless 57/15/28 at weight 0.2"
Want kids (partner),Open to either,35-39,5.0,NSFG 2022-23; Pew ATP 2023,"NSFG 2022-23 RWANT (unmarried non-cohabiting men 35-39, n=322), Pew ATP 2023 men 18-34 childless 57/15/28 at weight 0.2; open/unsure = NSFG don't know + Pew not sure, split 50/50 (assumption)"
Want kids (partner),Unsure,35-39,5.0,NSFG 2022-23; Pew ATP 2023,"NSFG 2022-23 RWANT (unmarried non-cohabiting men 35-39, n=322), Pew ATP 2023 men 18-34 childless 57/15/28 at weight 0.2; open/unsure = NSFG don't know + Pew not sure, split 50/50 (assumption)"
Have kids (partner),No,35-39,69.7,NSFG 2022-23 EVBIOKID,"no biological child, unmarried non-cohabiting men"
Want kids (partner),Yes,40-44,32.1,NSFG 2022-23; Pew ATP 2023,"NSFG 2022-23 RWANT (unmarried non-cohabiting men 40-44, n=237)"
Want kids (partner),No,40-44,62.0,NSFG 2022-23; Pew ATP 2023,"NSFG 2022-23 RWANT (unmarried non-cohabiting men 40-44, n=237)"
Want kids (partner),Open to either,40-44,2.9,NSFG 2022-23; Pew ATP 2023,"NSFG 2022-23 RWANT (unmarried non-cohabiting men 40-44, n=237); open/unsure = NSFG don't know + Pew not sure, split 50/50 (assumption)"
Want kids (partner),Unsure,40-44,2.9,NSFG 2022-23; Pew ATP 2023,"NSFG 2022-23 RWANT (unmarried non-cohabiting men 40-44, n=237); open/unsure = NSFG don't know + Pew not sure, split 50/50 (assumption)"
Have kids (partner),No,40-44,64.4,NSFG 2022-23 EVBIOKID,"no biological child, unmarried non-cohabiting men"
Want kids (partner),Yes,45-49,23.3,NSFG 2022-23; Pew ATP 2023,"NSFG 2022-23 RWANT (unmarried non-cohabiting men 45-49, n=168)"
Want kids (partner),No,45-49,73.4,NSFG 2022-23; Pew ATP 2023,"NSFG 2022-23 RWANT (unmarried non-cohabiting men 45-49, n=168)"
Want kids (partner),Open to either,45-49,1.6,NSFG 2022-23; Pew ATP 2023,"NSFG 2022-23 RWANT (unmarried non-cohabiting men 45-49, n=168); open/unsure = NSFG don't know + Pew not sure, split 50/50 (assumption)"
Want kids (partner),Unsure,45-49,1.6,NSFG 2022-23; Pew ATP 2023,"NSFG 2022-23 RWANT (unmarried non-cohabiting men 45-49, n=168); open/unsure = NSFG don't know + Pew not sure, split 50/50 (assumption)"
Have kids (partner),No,45-49,53.6,NSFG 2022-23 EVBIOKID,"no biological child, unmarried non-cohabiting men"
Want kids (partner),Yes,50-54,23.3,NSFG 2022-23; Pew ATP 2023,"NSFG 2022-23 RWANT (unmarried non-cohabiting men 45-49 carried, n=168)"
Want kids (partner),No,50-54,73.4,NSFG 2022-23; Pew ATP 2023,"NSFG 2022-23 RWANT (unmarried non-cohabiting men 45-49 carried, n=168)"
Want kids (partner),Open to either,50-54,1.6,NSFG 2022-23; Pew ATP 2023,"NSFG 2022-23 RWANT (unmarried non-cohabiting men 45-49 carried, n=168); open/unsure = NSFG don't know + Pew not sure, split 50/50 (assumption)"
Want kids (partner),Unsure,50-54,1.6,NSFG 2022-23; Pew ATP 2023,"NSFG 2022-23 RWANT (unmarried non-cohabiting men 45-49 carried, n=168); open/unsure = NSFG don't know + Pew not sure, split 50/50 (assumption)"
Have kids (partner),No,50-54,53.6,NSFG 2022-23 EVBIOKID,"no biological child, unmarried non-cohabiting men (45-49 carried)"
Want kids (partner),Yes,55-59,11.7,NSFG 2022-23; Pew ATP 2023,"NSFG 2022-23 RWANT (unmarried non-cohabiting men 45-49 carried, n=168), extrapolated x0.50 for age"
Want kids (partner),No,55-59,85.1,NSFG 2022-23; Pew ATP 2023,"NSFG 2022-23 RWANT (unmarried non-cohabiting men 45-49 carried, n=168), extrapolated x0.50 for age"
Want kids (partner),Open to either,55-59,1.6,NSFG 2022-23; Pew ATP 2023,"NSFG 2022-23 RWANT (unmarried non-cohabiting men 45-49 carried, n=168), extrapolated x0.50 for age; open/unsure = NSFG don't know + Pew not sure, split 50/50 (assumption)"
Want kids (partner),Unsure,55-59,1.6,NSFG 2022-23; Pew ATP 2023,"NSFG 2022-23 RWANT (unmarried non-cohabiting men 45-49 carried, n=168), extrapolated x0.50 for age; open/unsure = NSFG don't know + Pew not sure, split 50/50 (assumption)"
Have kids (partner),No,55-59,53.6,NSFG 2022-23 EVBIOKID,"no biological child, unmarried non-cohabiting men (45-49 carried)"
Want kids (partner),Yes,60-64,8.2,NSFG 2022-23; Pew ATP 2023,"NSFG 2022-23 RWANT (unmarried non-cohabiting men 45-49 carried, n=168), extrapolated x0.35 for age"
Want kids (partner),No,60-64,88.6,NSFG 2022-23; Pew ATP 2023,"NSFG 2022-23 RWANT (unmarried non-cohabiting men 45-49 carried, n=168), extrapolated x0.35 for age"
Want kids (partner),Open to either,60-64,1.6,NSFG 2022-23; Pew ATP 2023,"NSFG 2022-23 RWANT (unmarried non-cohabiting men 45-49 carried, n=168), extrapolated x0.35 for age; open/unsure = NSFG don't know + Pew not sure, split 50/50 (assumption)"
Want kids (partner),Unsure,60-64,1.6,NSFG 2022-23; Pew ATP 2023,"NSFG 2022-23 RWANT (unmarried non-cohabiting men 45-49 carried, n=168), extrapolated x0.35 for age; open/unsure = NSFG don't know + Pew not sure, split 50/50 (assumption)"
Have kids (partner),No,60-64,53.6,NSFG 2022-23 EVBIOKID,"no biological child, unmarried non-cohabiting men (45-49 carried)"
Want kids (partner),Yes,65-74,4.7,NSFG 2022-23; Pew ATP 2023,"NSFG 2022-23 RWANT (unmarried non-cohabiting men 45-49 carried, n=168), extrapolated x0.20 for age"
Want kids (partner),No,65-74,92.1,NSFG 2022-23; Pew ATP 2023,"NSFG 2022-23 RWANT (unmarried non-cohabiting men 45-49 carried, n=168), extrapolated x0.20 for age"
Want kids (partner),Open to either,65-74,1.6,NSFG 2022-23; Pew ATP 2023,"NSFG 2022-23 RWANT (unmarried non-cohabiting men 45-49 carried, n=168), extrapolated x0.20 for age; open/unsure = NSFG don't know + Pew not sure, split 50/50 (assumption)"
Want kids (partner),Unsure,65-74,1.6,NSFG 2022-23; Pew ATP 2023,"NSFG 2022-23 RWANT (unmarried non-cohabiting men 45-49 carried, n=168), extrapolated x0.20 for age; open/unsure = NSFG don't know + Pew not sure, split 50/50 (assumption)"
Have kids (partner),No,65-74,53.6,NSFG 2022-23 EVBIOKID,"no biological child, unmarried non-cohabiting men (45-49 carried)"
Want kids (partner),Yes,75-84,2.3,NSFG 2022-23; Pew ATP 2023,"NSFG 2022-23 RWANT (unmarried non-cohabiting men 45-49 carried, n=168), extrapolated x0.10 for age"
Want kids (partner),No,75-84,94.4,NSFG 2022-23; Pew ATP 2023,"NSFG 2022-23 RWANT (unmarried non-cohabiting men 45-49 carried, n=168), extrapolated x0.10 for age"
Want kids (partner),Open to either,75-84,1.6,NSFG 2022-23; Pew ATP 2023,"NSFG 2022-23 RWANT (unmarried non-cohabiting men 45-49 carried, n=168), extrapolated x0.10 for age; open/unsure = NSFG don't know + Pew not sure, split 50/50 (assumption)"
Want kids (partner),Unsure,75-84,1.6,NSFG 2022-23; Pew ATP 2023,"NSFG 2022-23 RWANT (unmarried non-cohabiting men 45-49 carried, n=168), extrapolated x0.10 for age; open/unsure = NSFG don't know + Pew not sure, split 50/50 (assumption)"
Have kids (partner),No,75-84,53.6,NSFG 2022-23 EVBIOKID,"no biological child, unmarried non-cohabiting men (45-49 carried)"
Height (partner),"5'11""-7'0""",20-24,30.8,"CDC NHANES Aug 2021-Aug 2023 + 2017-Mar 2020, measured",100% NHANES (direct); groups 20-29
Height (partner),"5'11""-7'0""",25-29,30.8,"CDC NHANES Aug 2021-Aug 2023 + 2017-Mar 2020, measured",100% NHANES (direct); groups 20-29
Height (partner),"5'11""-7'0""",30-34,36.1,"CDC NHANES Aug 2021-Aug 2023 + 2017-Mar 2020, measured",100% NHANES (direct); groups 30-39
Height (partner),"5'11""-7'0""",35-39,36.1,"CDC NHANES Aug 2021-Aug 2023 + 2017-Mar 2020, measured",100% NHANES (direct); groups 30-39
Height (partner),"5'11""-7'0""",40-44,36.0,"CDC NHANES Aug 2021-Aug 2023 + 2017-Mar 2020, measured",100% NHANES (direct); groups 40-49
Height (partner),"5'11""-7'0""",45-49,36.0,"CDC NHANES Aug 2021-Aug 2023 + 2017-Mar 2020, measured",100% NHANES (direct); groups 40-49
Height (partner),"5'11""-7'0""",50-54,26.7,"CDC NHANES Aug 2021-Aug 2023 + 2017-Mar 2020, measured",100% NHANES (direct); groups 50-59
Height (partner),"5'11""-7'0""",55-59,26.7,"CDC NHANES Aug 2021-Aug 2023 + 2017-Mar 2020, measured",100% NHANES (direct); groups 50-59
Height (partner),"5'11""-7'0""",60-64,26.3,"CDC NHANES Aug 2021-Aug 2023 + 2017-Mar 2020, measured",100% NHANES (direct); groups 60-69
Height (partner),"5'11""-7'0""",65-74,21.0,"CDC NHANES Aug 2021-Aug 2023 + 2017-Mar 2020, measured",100% NHANES (direct); groups 60-69/70-80
Height (partner),"5'11""-7'0""",75-84,15.6,"CDC NHANES Aug 2021-Aug 2023 + 2017-Mar 2020, measured",100% NHANES (direct); groups 70-80
Religion (partner),Buddhist,21-29,0.6,"GSS 2018-2024 (unmarried men, weighted); Pew RLS 2023-24","GSS share; Jewish/Muslim/Buddhist/Hindu = 50% GSS + 50% Pew RLS adult share (small GSS n); nones split atheist 5 : agnostic 6 : nothing-in-particular 19 (Pew RLS), nothing-in-particular half Spiritual, half Other (assumption); Sikh 0.2% (Pew RLS <0.3% other world religions)"
Religion (partner),Catholic,21-29,18.0,"GSS 2018-2024 (unmarried men, weighted); Pew RLS 2023-24","GSS share; Jewish/Muslim/Buddhist/Hindu = 50% GSS + 50% Pew RLS adult share (small GSS n); nones split atheist 5 : agnostic 6 : nothing-in-particular 19 (Pew RLS), nothing-in-particular half Spiritual, half Other (assumption); Sikh 0.2% (Pew RLS <0.3% other world religions)"
Religion (partner),Christian,21-29,27.4,"GSS 2018-2024 (unmarried men, weighted); Pew RLS 2023-24","GSS share; Jewish/Muslim/Buddhist/Hindu = 50% GSS + 50% Pew RLS adult share (small GSS n); nones split atheist 5 : agnostic 6 : nothing-in-particular 19 (Pew RLS), nothing-in-particular half Spiritual, half Other (assumption); Sikh 0.2% (Pew RLS <0.3% other world religions)"
Religion (partner),Hindu,21-29,1.6,"GSS 2018-2024 (unmarried men, weighted); Pew RLS 2023-24","GSS share; Jewish/Muslim/Buddhist/Hindu = 50% GSS + 50% Pew RLS adult share (small GSS n); nones split atheist 5 : agnostic 6 : nothing-in-particular 19 (Pew RLS), nothing-in-particular half Spiritual, half Other (assumption); Sikh 0.2% (Pew RLS <0.3% other world religions)"
Religion (partner),Jewish,21-29,1.8,"GSS 2018-2024 (unmarried men, weighted); Pew RLS 2023-24","GSS share; Jewish/Muslim/Buddhist/Hindu = 50% GSS + 50% Pew RLS adult share (small GSS n); nones split atheist 5 : agnostic 6 : nothing-in-particular 19 (Pew RLS), nothing-in-particular half Spiritual, half Other (assumption); Sikh 0.2% (Pew RLS <0.3% other world religions)"
Religion (partner),Muslim,21-29,1.7,"GSS 2018-2024 (unmarried men, weighted); Pew RLS 2023-24","GSS share; Jewish/Muslim/Buddhist/Hindu = 50% GSS + 50% Pew RLS adult share (small GSS n); nones split atheist 5 : agnostic 6 : nothing-in-particular 19 (Pew RLS), nothing-in-particular half Spiritual, half Other (assumption); Sikh 0.2% (Pew RLS <0.3% other world religions)"
Religion (partner),Other,21-29,18.2,"GSS 2018-2024 (unmarried men, weighted); Pew RLS 2023-24","GSS share; Jewish/Muslim/Buddhist/Hindu = 50% GSS + 50% Pew RLS adult share (small GSS n); nones split atheist 5 : agnostic 6 : nothing-in-particular 19 (Pew RLS), nothing-in-particular half Spiritual, half Other (assumption); Sikh 0.2% (Pew RLS <0.3% other world religions)"
Religion (partner),Atheist,21-29,7.5,"GSS 2018-2024 (unmarried men, weighted); Pew RLS 2023-24","GSS share; Jewish/Muslim/Buddhist/Hindu = 50% GSS + 50% Pew RLS adult share (small GSS n); nones split atheist 5 : agnostic 6 : nothing-in-particular 19 (Pew RLS), nothing-in-particular half Spiritual, half Other (assumption); Sikh 0.2% (Pew RLS <0.3% other world religions)"
Religion (partner),Agnostic,21-29,8.9,"GSS 2018-2024 (unmarried men, weighted); Pew RLS 2023-24","GSS share; Jewish/Muslim/Buddhist/Hindu = 50% GSS + 50% Pew RLS adult share (small GSS n); nones split atheist 5 : agnostic 6 : nothing-in-particular 19 (Pew RLS), nothing-in-particular half Spiritual, half Other (assumption); Sikh 0.2% (Pew RLS <0.3% other world religions)"
Religion (partner),Spiritual,21-29,14.2,"GSS 2018-2024 (unmarried men, weighted); Pew RLS 2023-24","GSS share; Jewish/Muslim/Buddhist/Hindu = 50% GSS + 50% Pew RLS adult share (small GSS n); nones split atheist 5 : agnostic 6 : nothing-in-particular 19 (Pew RLS), nothing-in-particular half Spiritual, half Other (assumption); Sikh 0.2% (Pew RLS <0.3% other world religions)"
Religion (partner),Sikh,21-29,0.2,"GSS 2018-2024 (unmarried men, weighted); Pew RLS 2023-24","GSS share; Jewish/Muslim/Buddhist/Hindu = 50% GSS + 50% Pew RLS adult share (small GSS n); nones split atheist 5 : agnostic 6 : nothing-in-particular 19 (Pew RLS), nothing-in-particular half Spiritual, half Other (assumption); Sikh 0.2% (Pew RLS <0.3% other world religions)"
Politics (partner),Left-leaning,21-29,35.0,GSS 2018-2024 polviews,"100% GSS: 1-3 liberal = Left-leaning, 4 = Moderate, 5-7 = Right-leaning; unmarried men, weighted"
Politics (partner),Moderate,21-29,39.8,GSS 2018-2024 polviews,"100% GSS: 1-3 liberal = Left-leaning, 4 = Moderate, 5-7 = Right-leaning; unmarried men, weighted"
Politics (partner),Right-leaning,21-29,25.1,GSS 2018-2024 polviews,"100% GSS: 1-3 liberal = Left-leaning, 4 = Moderate, 5-7 = Right-leaning; unmarried men, weighted"
Religion (partner),Buddhist,30-44,1.1,"GSS 2018-2024 (unmarried men, weighted); Pew RLS 2023-24","GSS share; Jewish/Muslim/Buddhist/Hindu = 50% GSS + 50% Pew RLS adult share (small GSS n); nones split atheist 5 : agnostic 6 : nothing-in-particular 19 (Pew RLS), nothing-in-particular half Spiritual, half Other (assumption); Sikh 0.2% (Pew RLS <0.3% other world religions)"
Religion (partner),Catholic,30-44,18.6,"GSS 2018-2024 (unmarried men, weighted); Pew RLS 2023-24","GSS share; Jewish/Muslim/Buddhist/Hindu = 50% GSS + 50% Pew RLS adult share (small GSS n); nones split atheist 5 : agnostic 6 : nothing-in-particular 19 (Pew RLS), nothing-in-particular half Spiritual, half Other (assumption); Sikh 0.2% (Pew RLS <0.3% other world religions)"
Religion (partner),Christian,30-44,29.0,"GSS 2018-2024 (unmarried men, weighted); Pew RLS 2023-24","GSS share; Jewish/Muslim/Buddhist/Hindu = 50% GSS + 50% Pew RLS adult share (small GSS n); nones split atheist 5 : agnostic 6 : nothing-in-particular 19 (Pew RLS), nothing-in-particular half Spiritual, half Other (assumption); Sikh 0.2% (Pew RLS <0.3% other world religions)"
Religion (partner),Hindu,30-44,0.6,"GSS 2018-2024 (unmarried men, weighted); Pew RLS 2023-24","GSS share; Jewish/Muslim/Buddhist/Hindu = 50% GSS + 50% Pew RLS adult share (small GSS n); nones split atheist 5 : agnostic 6 : nothing-in-particular 19 (Pew RLS), nothing-in-particular half Spiritual, half Other (assumption); Sikh 0.2% (Pew RLS <0.3% other world religions)"
Religion (partner),Jewish,30-44,1.1,"GSS 2018-2024 (unmarried men, weighted); Pew RLS 2023-24","GSS share; Jewish/Muslim/Buddhist/Hindu = 50% GSS + 50% Pew RLS adult share (small GSS n); nones split atheist 5 : agnostic 6 : nothing-in-particular 19 (Pew RLS), nothing-in-particular half Spiritual, half Other (assumption); Sikh 0.2% (Pew RLS <0.3% other world religions)"
Religion (partner),Muslim,30-44,1.4,"GSS 2018-2024 (unmarried men, weighted); Pew RLS 2023-24","GSS share; Jewish/Muslim/Buddhist/Hindu = 50% GSS + 50% Pew RLS adult share (small GSS n); nones split atheist 5 : agnostic 6 : nothing-in-particular 19 (Pew RLS), nothing-in-particular half Spiritual, half Other (assumption); Sikh 0.2% (Pew RLS <0.3% other world religions)"
Religion (partner),Other,30-44,16.6,"GSS 2018-2024 (unmarried men, weighted); Pew RLS 2023-24","GSS share; Jewish/Muslim/Buddhist/Hindu = 50% GSS + 50% Pew RLS adult share (small GSS n); nones split atheist 5 : agnostic 6 : nothing-in-particular 19 (Pew RLS), nothing-in-particular half Spiritual, half Other (assumption); Sikh 0.2% (Pew RLS <0.3% other world religions)"
Religion (partner),Atheist,30-44,7.6,"GSS 2018-2024 (unmarried men, weighted); Pew RLS 2023-24","GSS share; Jewish/Muslim/Buddhist/Hindu = 50% GSS + 50% Pew RLS adult share (small GSS n); nones split atheist 5 : agnostic 6 : nothing-in-particular 19 (Pew RLS), nothing-in-particular half Spiritual, half Other (assumption); Sikh 0.2% (Pew RLS <0.3% other world religions)"
Religion (partner),Agnostic,30-44,9.2,"GSS 2018-2024 (unmarried men, weighted); Pew RLS 2023-24","GSS share; Jewish/Muslim/Buddhist/Hindu = 50% GSS + 50% Pew RLS adult share (small GSS n); nones split atheist 5 : agnostic 6 : nothing-in-particular 19 (Pew RLS), nothing-in-particular half Spiritual, half Other (assumption); Sikh 0.2% (Pew RLS <0.3% other world religions)"
Religion (partner),Spiritual,30-44,14.5,"GSS 2018-2024 (unmarried men, weighted); Pew RLS 2023-24","GSS share; Jewish/Muslim/Buddhist/Hindu = 50% GSS + 50% Pew RLS adult share (small GSS n); nones split atheist 5 : agnostic 6 : nothing-in-particular 19 (Pew RLS), nothing-in-particular half Spiritual, half Other (assumption); Sikh 0.2% (Pew RLS <0.3% other world religions)"
Religion (partner),Sikh,30-44,0.2,"GSS 2018-2024 (unmarried men, weighted); Pew RLS 2023-24","GSS share; Jewish/Muslim/Buddhist/Hindu = 50% GSS + 50% Pew RLS adult share (small GSS n); nones split atheist 5 : agnostic 6 : nothing-in-particular 19 (Pew RLS), nothing-in-particular half Spiritual, half Other (assumption); Sikh 0.2% (Pew RLS <0.3% other world religions)"
Politics (partner),Left-leaning,30-44,31.6,GSS 2018-2024 polviews,"100% GSS: 1-3 liberal = Left-leaning, 4 = Moderate, 5-7 = Right-leaning; unmarried men, weighted"
Politics (partner),Moderate,30-44,40.5,GSS 2018-2024 polviews,"100% GSS: 1-3 liberal = Left-leaning, 4 = Moderate, 5-7 = Right-leaning; unmarried men, weighted"
Politics (partner),Right-leaning,30-44,27.9,GSS 2018-2024 polviews,"100% GSS: 1-3 liberal = Left-leaning, 4 = Moderate, 5-7 = Right-leaning; unmarried men, weighted"
Religion (partner),Buddhist,45-54,0.8,"GSS 2018-2024 (unmarried men, weighted); Pew RLS 2023-24","GSS share; Jewish/Muslim/Buddhist/Hindu = 50% GSS + 50% Pew RLS adult share (small GSS n); nones split atheist 5 : agnostic 6 : nothing-in-particular 19 (Pew RLS), nothing-in-particular half Spiritual, half Other (assumption); Sikh 0.2% (Pew RLS <0.3% other world religions)"
Religion (partner),Catholic,45-54,24.4,"GSS 2018-2024 (unmarried men, weighted); Pew RLS 2023-24","GSS share; Jewish/Muslim/Buddhist/Hindu = 50% GSS + 50% Pew RLS adult share (small GSS n); nones split atheist 5 : agnostic 6 : nothing-in-particular 19 (Pew RLS), nothing-in-particular half Spiritual, half Other (assumption); Sikh 0.2% (Pew RLS <0.3% other world religions)"
Religion (partner),Christian,45-54,41.1,"GSS 2018-2024 (unmarried men, weighted); Pew RLS 2023-24","GSS share; Jewish/Muslim/Buddhist/Hindu = 50% GSS + 50% Pew RLS adult share (small GSS n); nones split atheist 5 : agnostic 6 : nothing-in-particular 19 (Pew RLS), nothing-in-particular half Spiritual, half Other (assumption); Sikh 0.2% (Pew RLS <0.3% other world religions)"
Religion (partner),Jewish,45-54,1.1,"GSS 2018-2024 (unmarried men, weighted); Pew RLS 2023-24","GSS share; Jewish/Muslim/Buddhist/Hindu = 50% GSS + 50% Pew RLS adult share (small GSS n); nones split atheist 5 : agnostic 6 : nothing-in-particular 19 (Pew RLS), nothing-in-particular half Spiritual, half Other (assumption); Sikh 0.2% (Pew RLS <0.3% other world religions)"
Religion (partner),Muslim,45-54,0.9,"GSS 2018-2024 (unmarried men, weighted); Pew RLS 2023-24","GSS share; Jewish/Muslim/Buddhist/Hindu = 50% GSS + 50% Pew RLS adult share (small GSS n); nones split atheist 5 : agnostic 6 : nothing-in-particular 19 (Pew RLS), nothing-in-particular half Spiritual, half Other (assumption); Sikh 0.2% (Pew RLS <0.3% other world religions)"
Religion (partner),Other,45-54,10.8,"GSS 2018-2024 (unmarried men, weighted); Pew RLS 2023-24","GSS share; Jewish/Muslim/Buddhist/Hindu = 50% GSS + 50% Pew RLS adult share (small GSS n); nones split atheist 5 : agnostic 6 : nothing-in-particular 19 (Pew RLS), nothing-in-particular half Spiritual, half Other (assumption); Sikh 0.2% (Pew RLS <0.3% other world religions)"
Religion (partner),Hindu,45-54,0.4,"GSS 2018-2024 (unmarried men, weighted); Pew RLS 2023-24","GSS share; Jewish/Muslim/Buddhist/Hindu = 50% GSS + 50% Pew RLS adult share (small GSS n); nones split atheist 5 : agnostic 6 : nothing-in-particular 19 (Pew RLS), nothing-in-particular half Spiritual, half Other (assumption); Sikh 0.2% (Pew RLS <0.3% other world religions)"
Religion (partner),Atheist,45-54,5.0,"GSS 2018-2024 (unmarried men, weighted); Pew RLS 2023-24","GSS share; Jewish/Muslim/Buddhist/Hindu = 50% GSS + 50% Pew RLS adult share (small GSS n); nones split atheist 5 : agnostic 6 : nothing-in-particular 19 (Pew RLS), nothing-in-particular half Spiritual, half Other (assumption); Sikh 0.2% (Pew RLS <0.3% other world religions)"
Religion (partner),Agnostic,45-54,6.0,"GSS 2018-2024 (unmarried men, weighted); Pew RLS 2023-24","GSS share; Jewish/Muslim/Buddhist/Hindu = 50% GSS + 50% Pew RLS adult share (small GSS n); nones split atheist 5 : agnostic 6 : nothing-in-particular 19 (Pew RLS), nothing-in-particular half Spiritual, half Other (assumption); Sikh 0.2% (Pew RLS <0.3% other world religions)"
Religion (partner),Spiritual,45-54,9.4,"GSS 2018-2024 (unmarried men, weighted); Pew RLS 2023-24","GSS share; Jewish/Muslim/Buddhist/Hindu = 50% GSS + 50% Pew RLS adult share (small GSS n); nones split atheist 5 : agnostic 6 : nothing-in-particular 19 (Pew RLS), nothing-in-particular half Spiritual, half Other (assumption); Sikh 0.2% (Pew RLS <0.3% other world religions)"
Religion (partner),Sikh,45-54,0.2,"GSS 2018-2024 (unmarried men, weighted); Pew RLS 2023-24","GSS share; Jewish/Muslim/Buddhist/Hindu = 50% GSS + 50% Pew RLS adult share (small GSS n); nones split atheist 5 : agnostic 6 : nothing-in-particular 19 (Pew RLS), nothing-in-particular half Spiritual, half Other (assumption); Sikh 0.2% (Pew RLS <0.3% other world religions)"
Politics (partner),Left-leaning,45-54,25.8,GSS 2018-2024 polviews,"100% GSS: 1-3 liberal = Left-leaning, 4 = Moderate, 5-7 = Right-leaning; unmarried men, weighted"
Politics (partner),Moderate,45-54,41.6,GSS 2018-2024 polviews,"100% GSS: 1-3 liberal = Left-leaning, 4 = Moderate, 5-7 = Right-leaning; unmarried men, weighted"
Politics (partner),Right-leaning,45-54,32.6,GSS 2018-2024 polviews,"100% GSS: 1-3 liberal = Left-leaning, 4 = Moderate, 5-7 = Right-leaning; unmarried men, weighted"
Religion (partner),Buddhist,55-64,1.4,"GSS 2018-2024 (unmarried men, weighted); Pew RLS 2023-24","GSS share; Jewish/Muslim/Buddhist/Hindu = 50% GSS + 50% Pew RLS adult share (small GSS n); nones split atheist 5 : agnostic 6 : nothing-in-particular 19 (Pew RLS), nothing-in-particular half Spiritual, half Other (assumption); Sikh 0.2% (Pew RLS <0.3% other world religions)"
Religion (partner),Catholic,55-64,24.5,"GSS 2018-2024 (unmarried men, weighted); Pew RLS 2023-24","GSS share; Jewish/Muslim/Buddhist/Hindu = 50% GSS + 50% Pew RLS adult share (small GSS n); nones split atheist 5 : agnostic 6 : nothing-in-particular 19 (Pew RLS), nothing-in-particular half Spiritual, half Other (assumption); Sikh 0.2% (Pew RLS <0.3% other world religions)"
Religion (partner),Christian,55-64,44.4,"GSS 2018-2024 (unmarried men, weighted); Pew RLS 2023-24","GSS share; Jewish/Muslim/Buddhist/Hindu = 50% GSS + 50% Pew RLS adult share (small GSS n); nones split atheist 5 : agnostic 6 : nothing-in-particular 19 (Pew RLS), nothing-in-particular half Spiritual, half Other (assumption); Sikh 0.2% (Pew RLS <0.3% other world religions)"
Religion (partner),Jewish,55-64,1.6,"GSS 2018-2024 (unmarried men, weighted); Pew RLS 2023-24","GSS share; Jewish/Muslim/Buddhist/Hindu = 50% GSS + 50% Pew RLS adult share (small GSS n); nones split atheist 5 : agnostic 6 : nothing-in-particular 19 (Pew RLS), nothing-in-particular half Spiritual, half Other (assumption); Sikh 0.2% (Pew RLS <0.3% other world religions)"
Religion (partner),Muslim,55-64,0.8,"GSS 2018-2024 (unmarried men, weighted); Pew RLS 2023-24","GSS share; Jewish/Muslim/Buddhist/Hindu = 50% GSS + 50% Pew RLS adult share (small GSS n); nones split atheist 5 : agnostic 6 : nothing-in-particular 19 (Pew RLS), nothing-in-particular half Spiritual, half Other (assumption); Sikh 0.2% (Pew RLS <0.3% other world religions)"
Religion (partner),Other,55-64,9.8,"GSS 2018-2024 (unmarried men, weighted); Pew RLS 2023-24","GSS share; Jewish/Muslim/Buddhist/Hindu = 50% GSS + 50% Pew RLS adult share (small GSS n); nones split atheist 5 : agnostic 6 : nothing-in-particular 19 (Pew RLS), nothing-in-particular half Spiritual, half Other (assumption); Sikh 0.2% (Pew RLS <0.3% other world religions)"
Religion (partner),Hindu,55-64,0.4,"GSS 2018-2024 (unmarried men, weighted); Pew RLS 2023-24","GSS share; Jewish/Muslim/Buddhist/Hindu = 50% GSS + 50% Pew RLS adult share (small GSS n); nones split atheist 5 : agnostic 6 : nothing-in-particular 19 (Pew RLS), nothing-in-particular half Spiritual, half Other (assumption); Sikh 0.2% (Pew RLS <0.3% other world religions)"
Religion (partner),Atheist,55-64,4.1,"GSS 2018-2024 (unmarried men, weighted); Pew RLS 2023-24","GSS share; Jewish/Muslim/Buddhist/Hindu = 50% GSS + 50% Pew RLS adult share (small GSS n); nones split atheist 5 : agnostic 6 : nothing-in-particular 19 (Pew RLS), nothing-in-particular half Spiritual, half Other (assumption); Sikh 0.2% (Pew RLS <0.3% other world religions)"
Religion (partner),Agnostic,55-64,5.0,"GSS 2018-2024 (unmarried men, weighted); Pew RLS 2023-24","GSS share; Jewish/Muslim/Buddhist/Hindu = 50% GSS + 50% Pew RLS adult share (small GSS n); nones split atheist 5 : agnostic 6 : nothing-in-particular 19 (Pew RLS), nothing-in-particular half Spiritual, half Other (assumption); Sikh 0.2% (Pew RLS <0.3% other world religions)"
Religion (partner),Spiritual,55-64,7.8,"GSS 2018-2024 (unmarried men, weighted); Pew RLS 2023-24","GSS share; Jewish/Muslim/Buddhist/Hindu = 50% GSS + 50% Pew RLS adult share (small GSS n); nones split atheist 5 : agnostic 6 : nothing-in-particular 19 (Pew RLS), nothing-in-particular half Spiritual, half Other (assumption); Sikh 0.2% (Pew RLS <0.3% other world religions)"
Religion (partner),Sikh,55-64,0.2,"GSS 2018-2024 (unmarried men, weighted); Pew RLS 2023-24","GSS share; Jewish/Muslim/Buddhist/Hindu = 50% GSS + 50% Pew RLS adult share (small GSS n); nones split atheist 5 : agnostic 6 : nothing-in-particular 19 (Pew RLS), nothing-in-particular half Spiritual, half Other (assumption); Sikh 0.2% (Pew RLS <0.3% other world religions)"
Politics (partner),Left-leaning,55-64,28.5,GSS 2018-2024 polviews,"100% GSS: 1-3 liberal = Left-leaning, 4 = Moderate, 5-7 = Right-leaning; unmarried men, weighted"
Politics (partner),Moderate,55-64,36.0,GSS 2018-2024 polviews,"100% GSS: 1-3 liberal = Left-leaning, 4 = Moderate, 5-7 = Right-leaning; unmarried men, weighted"
Politics (partner),Right-leaning,55-64,35.5,GSS 2018-2024 polviews,"100% GSS: 1-3 liberal = Left-leaning, 4 = Moderate, 5-7 = Right-leaning; unmarried men, weighted"
Religion (partner),Buddhist,65+,1.3,"GSS 2018-2024 (unmarried men, weighted); Pew RLS 2023-24","GSS share; Jewish/Muslim/Buddhist/Hindu = 50% GSS + 50% Pew RLS adult share (small GSS n); nones split atheist 5 : agnostic 6 : nothing-in-particular 19 (Pew RLS), nothing-in-particular half Spiritual, half Other (assumption); Sikh 0.2% (Pew RLS <0.3% other world religions)"
Religion (partner),Catholic,65+,29.6,"GSS 2018-2024 (unmarried men, weighted); Pew RLS 2023-24","GSS share; Jewish/Muslim/Buddhist/Hindu = 50% GSS + 50% Pew RLS adult share (small GSS n); nones split atheist 5 : agnostic 6 : nothing-in-particular 19 (Pew RLS), nothing-in-particular half Spiritual, half Other (assumption); Sikh 0.2% (Pew RLS <0.3% other world religions)"
Religion (partner),Christian,65+,44.6,"GSS 2018-2024 (unmarried men, weighted); Pew RLS 2023-24","GSS share; Jewish/Muslim/Buddhist/Hindu = 50% GSS + 50% Pew RLS adult share (small GSS n); nones split atheist 5 : agnostic 6 : nothing-in-particular 19 (Pew RLS), nothing-in-particular half Spiritual, half Other (assumption); Sikh 0.2% (Pew RLS <0.3% other world religions)"
Religion (partner),Hindu,65+,0.5,"GSS 2018-2024 (unmarried men, weighted); Pew RLS 2023-24","GSS share; Jewish/Muslim/Buddhist/Hindu = 50% GSS + 50% Pew RLS adult share (small GSS n); nones split atheist 5 : agnostic 6 : nothing-in-particular 19 (Pew RLS), nothing-in-particular half Spiritual, half Other (assumption); Sikh 0.2% (Pew RLS <0.3% other world religions)"
Religion (partner),Jewish,65+,2.2,"GSS 2018-2024 (unmarried men, weighted); Pew RLS 2023-24","GSS share; Jewish/Muslim/Buddhist/Hindu = 50% GSS + 50% Pew RLS adult share (small GSS n); nones split atheist 5 : agnostic 6 : nothing-in-particular 19 (Pew RLS), nothing-in-particular half Spiritual, half Other (assumption); Sikh 0.2% (Pew RLS <0.3% other world religions)"
Religion (partner),Muslim,65+,0.8,"GSS 2018-2024 (unmarried men, weighted); Pew RLS 2023-24","GSS share; Jewish/Muslim/Buddhist/Hindu = 50% GSS + 50% Pew RLS adult share (small GSS n); nones split atheist 5 : agnostic 6 : nothing-in-particular 19 (Pew RLS), nothing-in-particular half Spiritual, half Other (assumption); Sikh 0.2% (Pew RLS <0.3% other world religions)"
Religion (partner),Other,65+,7.1,"GSS 2018-2024 (unmarried men, weighted); Pew RLS 2023-24","GSS share; Jewish/Muslim/Buddhist/Hindu = 50% GSS + 50% Pew RLS adult share (small GSS n); nones split atheist 5 : agnostic 6 : nothing-in-particular 19 (Pew RLS), nothing-in-particular half Spiritual, half Other (assumption); Sikh 0.2% (Pew RLS <0.3% other world religions)"
Religion (partner),Atheist,65+,3.4,"GSS 2018-2024 (unmarried men, weighted); Pew RLS 2023-24","GSS share; Jewish/Muslim/Buddhist/Hindu = 50% GSS + 50% Pew RLS adult share (small GSS n); nones split atheist 5 : agnostic 6 : nothing-in-particular 19 (Pew RLS), nothing-in-particular half Spiritual, half Other (assumption); Sikh 0.2% (Pew RLS <0.3% other world religions)"
Religion (partner),Agnostic,65+,4.0,"GSS 2018-2024 (unmarried men, weighted); Pew RLS 2023-24","GSS share; Jewish/Muslim/Buddhist/Hindu = 50% GSS + 50% Pew RLS adult share (small GSS n); nones split atheist 5 : agnostic 6 : nothing-in-particular 19 (Pew RLS), nothing-in-particular half Spiritual, half Other (assumption); Sikh 0.2% (Pew RLS <0.3% other world religions)"
Religion (partner),Spiritual,65+,6.4,"GSS 2018-2024 (unmarried men, weighted); Pew RLS 2023-24","GSS share; Jewish/Muslim/Buddhist/Hindu = 50% GSS + 50% Pew RLS adult share (small GSS n); nones split atheist 5 : agnostic 6 : nothing-in-particular 19 (Pew RLS), nothing-in-particular half Spiritual, half Other (assumption); Sikh 0.2% (Pew RLS <0.3% other world religions)"
Religion (partner),Sikh,65+,0.2,"GSS 2018-2024 (unmarried men, weighted); Pew RLS 2023-24","GSS share; Jewish/Muslim/Buddhist/Hindu = 50% GSS + 50% Pew RLS adult share (small GSS n); nones split atheist 5 : agnostic 6 : nothing-in-particular 19 (Pew RLS), nothing-in-particular half Spiritual, half Other (assumption); Sikh 0.2% (Pew RLS <0.3% other world religions)"
Politics (partner),Left-leaning,65+,26.6,GSS 2018-2024 polviews,"100% GSS: 1-3 liberal = Left-leaning, 4 = Moderate, 5-7 = Right-leaning; unmarried men, weighted"
Politics (partner),Moderate,65+,32.7,GSS 2018-2024 polviews,"100% GSS: 1-3 liberal = Left-leaning, 4 = Moderate, 5-7 = Right-leaning; unmarried men, weighted"
Politics (partner),Right-leaning,65+,40.6,GSS 2018-2024 polviews,"100% GSS: 1-3 liberal = Left-leaning, 4 = Moderate, 5-7 = Right-leaning; unmarried men, weighted"
Education tier (partner),Top 100,all ages,10.6,"NCES IPEDS completions 2008-09, 2015-16 x admissions","share of men's bachelor's degrees; Ivy+ = 8 Ivies + Stanford, MIT, Chicago, Duke; Top 50/100 = most selective by admit rate (>=5,000 applicants) as a stand-in for a published ranking; applied to men who pass Degree"
Education tier (partner),Top 50,all ages,4.9,"NCES IPEDS completions 2008-09, 2015-16 x admissions","share of men's bachelor's degrees; Ivy+ = 8 Ivies + Stanford, MIT, Chicago, Duke; Top 50/100 = most selective by admit rate (>=5,000 applicants) as a stand-in for a published ranking; applied to men who pass Degree"
Education tier (partner),Ivy+,all ages,1.4,"NCES IPEDS completions 2008-09, 2015-16 x admissions","share of men's bachelor's degrees; Ivy+ = 8 Ivies + Stanford, MIT, Chicago, Duke; Top 50/100 = most selective by admit rate (>=5,000 applicants) as a stand-in for a published ranking; applied to men who pass Degree"
Education degree (partner),Bachelor's+,30-34 (Austin),50.1,Census ACS 2020-24 PUMS,"100% ACS (direct), single men in PUMAs within 30 mi"
Income (partner),$100k+ (among Bachelor's+),30-34 (Austin),38.1,Census ACS 2020-24 PUMS,100% ACS (direct)
Education degree (partner),Bachelor's+,45-49 (Austin),41.9,Census ACS 2020-24 PUMS,"100% ACS (direct), single men in PUMAs within 30 mi"
Income (partner),$100k+ (among Bachelor's+),45-49 (Austin),43.5,Census ACS 2020-24 PUMS,100% ACS (direct)
